{"min": [-0.392644, -0.278788, -0.887079], "max": [0.40154, 0.461483, 0.507937]}